{"cameraMatrix": [[3491.915373806684, 0.0, 1572.1717936852922], [0.0, 3389.4541089910954, 1612.4349137921374], [0.0, 0.0, 1.0]], "distCoeffs": [[0.05623310069017523, -1.0024400614474007, 0.01651121051047632, 0.0019442736212273502, 2.1306935629801496]], "rvec": [[-0.1601863259174035], [0.028413463398253812], [-0.003798067479722908]], "tvec": [[-3.37005996701693], [-2.8036214335804246], [14.71456296243018]], "fx": 3491.915373806684, "fy": 3389.4541089910954, "cx": 1572.1717936852922, "cy": 1612.4349137921374}